rank,name,Telephone,email
1,Nick Bondin,07453 098234,nickbondin@sky.com
2,Mark Amblergo,07453 098247,mark.amblergo@sky.com
3,John Plowmannite,07453 098237,john.plowmanite@gmail.com
4,Bernard Hugs,07453 098263,aredaleaot@gmail.com
5,Chris Derhgo,07453 098583,c.derhgo@sky.net
6,Ian Prestige,07453 098638,ianprestige@hotmail.co.uk
7,Paul Malt,07453 098893,p.malt@hotmail.com
8,Richard Dobgrin,07453 098473,dodgrin65@nhs.com
9,Sean Flemmers,07453 098491,sflemmers@hotmail.com
10,Peter Belltouch,07453 098735,peter_belltouch@hotmail.co.uk
11,Peter Herrman,07453 098638,pjherrman@aol.com
12,Raj Achibald,07453 092636,archil@hotmail.com
13,Stuart Walkma,07453 092649,stuartwalkma19@btinternet.co.uk
14,Chris Wilco,07453 091114,christopherwilc@sky.com
15,Rishi Sumting,07453 092487,rishisumting@sky.com
16,Chris Igoter,07453 092195,cigoter@hotmail.com
17,Stephen Collins,07453 095171,Scolli@sky.com
18,Frederick Harris,07453 095188,fharrisn@btinternet.co.uk
19,Joe Bloggs,07453 095149,joebloggs@gmail.com
20,John Bicklerman,07453 098974,jbickerman@btinternet.co.uk
21,Ed Lonewin,07453 095412,elonewin@sky.com
22,Mark Davidson,07453 099515,mdavidson@gmail.com
23,Steven Davidly,07453 098457,sdavidly@gmail.com
24,Stephen Pierce,07453 095847,spierve@aol.com
